OperatorName,num_disclosures,year,avg_water_consum
1776 Energy Operators,1,2025,9357012.0
1859 Operating LLC,14,2022,22809.0
"3R OPERATING, LLC",2,2026,13866429.5
89 Energy,1,2017,14454095.0
"ABARTA Oil & Gas Co., Inc.",1,2016,474810.0
AEXCO Petroleum Inc.,1,2018,1985006.0
AM Idaho,1,2018,727.0
"AMTEX ENERGY, INC",1,2023,38172170.0
Abraxas Petroleum Corporation,12,2016,6375969.75
"Acadia Oil, LLC",1,2012,100.0
Accumulate Energy Alaska Inc,1,2017,1167297.0
"Admiral Permian Resources, LLC",9,2018,15306293.333333334
Advance Energy Partners Hat Mesa LLC,9,2020,24108992.222222224
"Adventure Operating Company, LLC",1,2017,5245758.0
Aera Energy LLC,275,2020,75609.09454545454
Aethon Energy Operating LLC,74,2020,27408914.366491925
"Agave Oil & Gas, LLC",1,2017,275096.0
"Ageron Energy, LLC.",8,2022,16103804.75
"Ageron Ironroc Energy, LLC",1,2023,724523.0
"Ajax Resources, LLC",2,2018,22505301.0
"Alchemist Energy, LLC",2,2021,13733859.5
"Alta Mesa Services, LP",54,2017,9005836.111111112
Alta Resources,8,2019,23127330.5
Altamont Energy,3,2019,992917.0
Ameredev Operations LLC,10,2019,26069048.1
American Eagle Energy Corporation,7,2012,1726322.0
"American Energy - Marcellus, LLC",1,2014,7391832.0
"American Energy - Utica, LLC",2,2015,12143418.0
"American Energy - Woodford, LLC",11,2015,4520736.090909091
American Energy Permian Basin,12,2015,12227234.0
American Energy Utica,1,2014,14094681.0
"Amistad Energy Services, LLC",2,2016,13020000.0
Amplify Energy Corp,1,2017,10785936.0
Anadarko Petroleum Corporation,635,2021,6997758.402298145
Anderson Oil Ltd,1,2014,7140.0
Anschutz Exploration Corporation,35,2025,14665252.610342856
"Anschutz Oil Company, LLC",7,2020,10235096.285714285
Antero Resources Corporation,157,2020,16565639.010955412
Apache Corporation,414,2012,7913791.050724638
Apex Energy LLC,2,2024,20013378.0
"Apex Natural Gas, LLC",3,2025,37561025.0
"Apollo Operating, LLC",2,2012,219197.5
"Appalachian Energy, Inc.",1,2014,40702.0
Approach Resources,22,2015,9533329.727272727
"Arcadia Operating, LLC",1,2017,24528.0
Ardmore Production & Exploration Co.,1,2023,14314.0
Ares Energy Ltd,1,2025,22846866.0
"Arkland Producing Co., Inc.",1,2013,568625.0
"Armor Energy, LLC",3,2017,17350592.0
"Arnold Oil Properties, LLC",1,2017,4506203.0
"Arrow S Energy Operating, LLC",3,2023,21367122.0
Arrowhead Energy Inc.,1,2017,34398.0
Arsenal Resources,7,2017,22596593.85714286
"Aruba Petroleum, Inc.",9,2013,2268320.6666666665
"Ascent Resources - Utica, LLC",114,2018,14978704.268421052
"Atalaya Resources, LLC",2,2017,3843425.0
Athlon Energy Operating LLC,42,2014,2061814.1932886562
Atlantic Exploration,2,2013,1394553.0
"Atlantic Operating, Inc.",1,2013,4552737.0
Atlantic Resources Company LLC,2,2017,17047905.0
"Atlas Energy, L.P.",32,2015,2362324.525
Atlas Operating-LLC,2,2025,27005811.0
"Atoka Operating Permian, LLC",1,2019,785773.0
"Atoka Operating, Inc.",3,2019,25374.0
"Augustus Energy Partners II, LLC",1,2018,9973368.0
Augustus Energy Resources LLC,6,2014,14957.666666666666
"Aurora USA Developement, LLC",2,2013,4774138.5
Australis TMS Inc.,2,2019,10102953.0
Auterra Resources,3,2022,19961056.666666668
"Avalon Operating, LLC",1,2017,8092883.0
"Avant Operating, LLC",7,2023,20015850.714285713
"Axia Energy II, LLC",6,2018,16737424.666666666
"Axia Energy III, LLC",1,2025,36582584.0
"Axia Energy, LLC",6,2013,1466648.6666666667
"Aztec Drilling & Operating, LLC",7,2012,10112.142857142857
"B&W Operating, LLC",1,2017,377097.0
"B. R. Polk, Inc.",2,2014,130977.0
"BAM Permian Operating, LLC",1,2018,780491.0
BARROW-SHAVER RESOURCES CO.,4,2023,5391342.5
"BASA Resources, Inc.",2,2013,62370.0
"BBL OPERATING COMPANY, LLC",1,2023,11151777.0
BBX Operating,2,2014,362551.5
"BC Operating, Inc.",5,2013,681433.2
BHP Billiton Petroleum,146,2014,6576242.1504109595
"BKV Barnett, LLC",32,2021,2064281.0
BKV Corporation,23,2026,7101837.9130434785
BKV Operating LLC,2,2019,9029452.675999999
"BLS Production Co., Inc.",1,2013,7056.0
BNK Petroleum (US) Inc,6,2025,14862162.833333334
BP America Production Company,86,2012,3338621.8372093025
BPX Operating Company,75,2025,19720655.304271255
BRG Lone Star LTD,2,2021,169800.5
BRG Petroleum LLC,3,2016,412232.6666666667
BROOKSTON ENERGY ETX-NLA,2,2021,33510.5
BTA Oil Producers LLC,26,2021,13646192.538461538
BVX OPerating Inc.,1,2014,1060920.0
"Badlands Energy - Utah, LLC",2,2015,6458638.5
"Bainbridge Uinta, LLC",1,2019,1205064.0
"Ballard Exploration Company, Inc.",3,2017,74570.66666666667
"Banner Oil & Gas, LLC",2,2021,14620.0
Banner Resources LLC,1,2019,2255484.0
"Barber Oil, LLC",1,2021,32923.0
"Basin Oil and Gas Operating, LLC",8,2024,123242.75
"Bayswater Exploration & Production, LLC",81,2013,12511240.066790123
Baytex Energy USA Ltd,4,2013,2024707.25
"Beacon E&P Company, LLC",1,2014,11952219.0
"Bedrock Production, LLC",3,2021,12411450.666666666
Bend Petroleum Corp,1,2013,17082.0
"Bennett Resources, Inc.",1,2019,90661.0
Berexco LLC,3,2021,261206.0
Berry Petroleum,24,2013,596733.125
"Berry Petroleum Company, LLC",18,2018,2327948.4422226534
"Beryl Oil and Gas, LP",3,2025,1592654.0
"Best Petroleum Explorations, Inc.",1,2014,693428.0
"Betro, Inc.",1,2019,8400.0
"Big Star Oil & Gas, LLC",5,2014,2963545.2
Bill Barrett Corp,59,2013,3631157.745762712
"Billy Jack Sharber Operating, LLC",1,2015,52009.0
"Birch Operations, Inc.",62,2019,19683972.919354837
Bison IV Operating LLC,17,2024,19909869.70588235
"Bison Oil & Gas II, LLC",5,2023,17763169.6
Black Hills Exploration and Production,3,2015,26967187.333333332
Black Mountain STX I LLC,1,2023,19611614.0
"Black Raven Energy, Inc.",2,2012,21903.0
Black Swan Oil & Gas,5,2025,26858535.6
"BlackBrush O & G, Inc.",2,2012,1629474.0
"BlackBrush O & G, LLC",12,2015,7484020.0
BlackRidge Resource Partners,1,2022,623112.0
"BlackWell Exp & Development, LLC",1,2018,2152804.0
Blackbeard Operating,145,2025,1517249.7103448275
"Blake Production Company, Inc.",2,2022,5808401.0
"Blakenergy Operating, LLC",1,2020,10290.0
Blue Cedar Energy,1,2022,42035.0
Blue Devil Exploration LLC,1,2018,15577831.0
"Blue Dolphin Production, LLC",3,2017,258176.66666666666
"Blue Dome Operating, LLC",3,2021,28075880.0
"Blue Quail , LTD",1,2014,20622.0
"Blue Water TPX Operating Co., LLC",1,2018,8816.0
BlueStem Energy,4,2014,1385080.5
BlueStone Natural Resources,3,2014,4859296.666666667
Bluefin Resources LLC,7,2018,116638.28571428571
Bluescape Resources,1,2012,5215770.0
"Boaz Energy II Operating, LLC",3,2016,169288.0
"Bold Operating, LLC",3,2014,15141924.0
"Bonanza Creek Energy, Inc.",77,2014,9256856.103896104
Borderline Operating Corp,1,2012,549108.0
Bowline Energy LLC,1,2022,7228788.0
"Boyd & McWilliams Operating, LLC",8,2019,5845420.125
Brahman Resource Partners LLC,1,2018,6587384.0
"Brammer Engineering, Inc.",3,2019,30375101.0
Bravo Arkoma LLC,9,2017,10594752.311111111
BreitBurn,20,2018,727606.3150000001
BreitBurn Operating LP,2,2021,51483.5
Bridon Energy LLC,1,2015,7224.0
Bridwell Oil Company,11,2016,25738.363636363636
Brigadier Operating LLC,9,2014,564297.4444444445
"Brigham Resources Operating, LLC",2,2016,24257711.225
Broad Oak Energy II LLC,3,2016,21181955.0
Broad Oak Energy II llc,2,2018,15549735.0
Brown Oil & Gas,1,2018,13490.0
"Browning Oil Company, Inc.",3,2021,11650027.0
"Bruin E&P Operating, LLC",4,2019,9090784.0
Bryan Henderson Co,1,2019,33382.0
"Buffco Production,Inc",6,2022,11463329.666666666
"Bullet Development, LLC",1,2014,16968.0
"Burk Royalty Co., LTD.",1,2025,4937730.0
"Burleson Petroleum, Inc. ",1,2022,202153.0
"Burnett Oil Co., Inc.",14,2025,789179.3571428572
"Butkin Oil Company, LLC",1,2014,24348.0
"Butler Petroleum, LLC",1,2014,4116.0
"C. E. Harmon Oil, Inc.",7,2015,33585.142857142855
"CBL Resources, LLC",1,2014,50248.0
CBP Operating LLC,3,2019,83261.0
"CCRP Operating, Inc.",1,2018,16207105.0
CEP MID-CONTINENT LLC,2,2019,18333.0
CGS Operating,3,2021,8265516.0
CH4-Finley Operating LLC,2,2020,14307258.0
"CHISHOLM ENERGY OPERATING, LLC",1,2018,3339000.0
"CML Exploration, LLC",1,2013,130158.0
CNX Gas Company LLC,28,2020,15029701.92857143
COBRA OIL & GAS CORPORATION,14,2014,1176352.642857143
COG Operating LLC,324,2018,15492405.051449219
CONSOL Energy Inc.,49,2017,9033852.510204082
COTERRA ENERGY INC.,20,2022,21165672.15
CP Exploration,1,2014,272412.0
"CPRP Services, LLC",11,2022,23079549.727272727
"CPX Energy Operating, LLC",1,2020,11643747.0
"CRIMSON ENERGY PARTNERS IV, LLC",5,2022,19550472.8
Cabot Oil & Gas Corp,103,2015,11029374.253398057
Caerus Oil and Gas LLC,53,2020,7242682.48544151
"Caird Operating, LLC",2,2015,3006999.5
California Resources Corporation,3,2017,337724.3333333333
Callon Petroleum Operating Company,73,2021,14104370.424657535
"Calyx Energy III, LLC",16,2020,14427266.687539663
"Calyx Energy, LLC",6,2013,5544480.333333333
"Cambrian Management, Ltd",4,2014,561678.0
"Camino Natural Resources, LLC",13,2024,27540331.307692308
Campbell Oil & Gas. Inc,1,2015,7251174.0
"Canan Operating, Inc.",3,2013,2733261.3333333335
Cantera Operating LLC,6,2015,78937.0
Canvas Energy LLC,6,2024,10929536.833333334
"Canyon Creek Energy Operating, LLC",5,2017,12215923.0
Capitan Energy INC,10,2014,12616458.6
"Capstone Natural Resources II, LLC",3,2017,1089196.6666666667
"Capstone Natural Resources, LLC",4,2014,84315.0
Carl E. Gungoll Exploration LLC,1,2014,527439.0
"Carrera Energy, LLC",2,2017,14883562.0
"Carrizo Oil & Gas, Inc.",79,2016,9456230.05063291
Cascade Petroleum,1,2013,33205.0
"Casillas Operating, LLC",9,2019,19488716.555555556
Castlerock Exploration,1,2023,19717740.0
Catamount Energy Partners,4,2017,122577.75
"Catena Resources Operating, LLC",1,2019,25534110.0
"Caza Operating, LLC",6,2021,15423884.5
"Centennial Resource Production, LLC",41,2018,16334406.414634146
"Central Resources, Inc.",2,2015,280623.0
"Century Exploration Houston, LLC",1,2013,125534.0
Champion Lone Star Operating,2,2017,240492.5
"Chaparral Energy, LLC",45,2014,5753113.555555556
"Charter Oak Production Co., LLC",8,2018,8673495.75
"Chesapeake Operating, Inc.",590,2025,8215531.397457628
Chevron USA Inc.,336,2014,10866138.619107142
Cheyenne Petroleum Company,15,2022,10998587.666666666
Chief Oil & Gas,35,2014,8503733.0
"Choice Exploration, Inc.",6,2013,136296.33333333334
"Cholla Petroleum, Inc.",6,2014,215930.83333333334
Chord Energy,8,2024,13832525.125
Cimarex Energy Co.,170,2025,16719608.679918842
Cimarex Energy Co. of Colorado,9,2014,5169835.666666667
Cinco Natural Resources Corporation,2,2014,6578544.0
"Cinco Oil & Gas, LLC",1,2023,18330462.0
Circle 9 Resources LLC,1,2019,32172.0
"Circle-S Energy, LLC",2,2024,14261520.0
Cirque Resources LP,1,2014,4509550.0
"Cisco Operating, LLC",3,2014,2880269.0
Citation Oil and Gas Corp.,69,2014,1053173.9710144927
Citizen Energy II,26,2021,16894446.192307692
Citrus Energy Corporation,1,2010,2453304.0
Civitas North LLC,1,2023,23626076.0
"Civitas Permian Operating, LLC",34,2025,26328482.588235293
Clay Hamilton,1,2024,29511300.0
"Clayton Williams Energy, Inc.",25,2014,3251764.12
"Clear Fork, Inc.",4,2014,13058.5
"Colgate Operating, LLC",8,2019,16334936.25
"Comanche Exploration Co., LLC",4,2018,12958039.5
Comanche Resources Company,2,2016,5908945.0
Command,2,2024,27841.0
"Compass Energy Operating, LLC",8,2014,169283.5
Comstock Oil & Gas,72,2012,22505050.605833333
Condor Energy Technology LLC,1,2013,2612581.0
Confluence DJ LLC,3,2018,10825303.0
ConocoPhillips Company/Burlington Resources,443,2019,7828130.001243355
"Contango Resources, Inc.",5,2019,7646289.4
"Continental Resources, Inc",369,2014,11891970.04739332
Copestone Operating LLC,1,2015,9324.0
Corinthian Exploration (USA) Corp.,4,2014,103153.25
Corlena Oil Company,1,2017,12377021.0
Cornerstone Natural Resources,1,2014,823536.0
"Coronado Energy Partners, LLC",1,2024,17107522.0
Council Oak Resources,3,2017,13852022.333333334
"Courson Oil & Gas, Inc.",2,2023,23383.5
"Covenant Operating, LLC",3,2016,2571.6666666666665
Covey Park Gas,1,2019,27253968.0
"Covey Park Operating, LLC",1,2016,23772.0
"Craig Elder Oil and Gas, L.L.C.",1,2020,167575.0
Crawley Petroleum,6,2018,9615879.333333334
"Crescent Pass Energy, LLC",7,2024,7990316.142857143
Crescent Point Energy US Corp,68,2019,3414808.867647059
Crestone Peak Resources,62,2020,14688835.725806452
"Crimson Energy Partners III, LLC",1,2013,2732814.0
Crimson Exploration Oper. Inc.,2,2014,3006234.0
Crose Oil Company,1,2022,15000.0
"Cross Timbers Energy, LLC",2,2023,50529.0
"CrownQuest Operating, LLC",145,2019,10632453.793103449
"Cub Creek Energy, LLC",8,2018,9186008.625
Cummings Oil Company,1,2014,3289650.0
"Custer & Wright Operating, Inc",17,2014,42513.41176470588
Cutbow Operating LLC,5,2022,18458624.6
"DAHCO Operating, LLC",1,2025,3574224.0
"DE Central Operating, LLC",3,2025,21781270.0
DE IV Operating LLC,24,2023,23024335.791666668
DE3 Operating LLC,18,2020,16874152.5
"DJR OPERATING, LLC",15,2023,2103174.6
"Dallas Petroleum Group, LLC",1,2016,88165.0
"Dallas Production, Inc",1,2018,83640.0
"Dash Operating, LLC",1,2022,2874984.0
"Davidson Energy, Inc.",1,2014,22596.0
Davis Southern Operating Co,1,2025,53634.0
Daylight Petroleum LLC,2,2018,386685.0
"Delta CO2, LLC",1,2014,38812.0
Delta Oil & Gas Ltd.,33,2018,57086.454545454544
"Denbury Onshore, LLC",14,2022,501679.14285714284
Derby Exploration,2,2025,7046139.0
Devon Energy Production Company L. P.,577,2015,9416687.102443673
"Dexxon, Inc.",1,2017,13440.0
Diamondback E&P LLC,290,2023,19125247.614803143
Dick Lindsay Oil Co,3,2014,88519.33333333333
"Dick Lindsay Oil Co., Inc.",1,2019,72451.0
Dinero Operating,1,2015,597.0
Discovery Natural Resources LLC,25,2018,16245786.84
"Discovery Operating, Inc.",17,2019,15201681.823529411
Diversified Production LLC,3,2024,21500913.0
"Driftwood Energy Operating, LLC",4,2021,26959411.5
"Dry Fork Production Co., LLC",1,2022,19603.0
Dugan Production Corp.,2,2022,32812.5
"Dunamis Energy Operating, LLC",1,2025,25205815.0
Duncan Oil Properties,7,2023,6569105.142857143
"E.G.L. Resources, Inc.",1,2013,1592640.0
"EAGLE ROCK MID-CONTINENT OPERATING, LLC",4,2014,1986710.5
EAP Ohio LLC,45,2020,36180289.83511111
"EDF Trading Resources, LLC",1,2013,100826.0
EE3 LLC,1,2014,3548580.0
"EF Energy, LLC",3,2012,4055028.0
"EMEP Operating, LLC",3,2023,2307526.0966666667
ENTERPRISE ENERGY EXPLORATION INC.,1,2015,17892.0
"EOG Resources, Inc.",943,2023,12161447.802820785
EP Energy,143,2018,8521333.943065105
EQT Production,202,2013,17249966.44514686
"EXCO Resources, Inc.",60,2018,12347100.591063712
"EXCO/HGI JV Assets, LLC",6,2014,214033.33333333334
EXTRACTION OIL & GAS LLC,102,2018,8308954.637254902
Eagle Energy Acquisitions LP,2,2013,1460069.0
"Eagle Exploration Production, LLC",2,2015,5784228.0
Eagle Oil & Gas co.,2,2013,472476.0
Eagle Road Oil LLC,1,2017,506351.0
"EagleRidge Energy, LLC",6,2013,6621889.433333334
"Earthstone Operating, LLC",29,2018,15596412.827586208
Eastok Energy Partners LLC,1,2019,1452.0
"Eclipse Resources I, LP",23,2014,19443212.56521739
"EdgeMarc Energy Holdings, LLC",7,2014,10908782.142857144
El Toro Resources LLC,3,2017,7713337.666666667
"Element Petro Operating II, LLC",7,2014,6865096.142857143
"Element Petroleum OP III,LLC",2,2018,6981460.0
Elephant Oil and Gas,1,2019,8973974.0
"Elevation Resources, LLC",13,2024,7385527.230769231
Elk River Resources,1,2018,36105660.0
"Ellis Exploration, Inc.",1,2015,148831.0
Elm Ridge Exploration Co LLC,4,2014,46000.75
Emerald Oil Inc,7,2014,9329295.714285715
Emerald Oil LLC,1,2017,15372.0
"Empresa Operating, LLC",4,2021,12716455.0
"EnCore Permian Operating, LLC",1,2021,15559824.0
Encana Oil & Gas (USA) Inc.,211,2018,6954534.544153239
Endeavor Energy Resources,180,2019,15547084.656555554
"Endeavor Natural Gas, LP",10,2021,3881822.8
Endeavour Operating Corp,1,2014,6929916.0
Endurance Resources LLC,1,2016,18368869.0
Enduring Resources LLC,18,2024,8870161.222222222
"EnerVest, Ltd.",112,2013,2036575.98125
Energen Resources Corporation,116,2013,7005639.25
"Energy & Exploration Partners Operating, LP",7,2014,2199889.0597142857
Energy Corporation of America,13,2011,5217203.615384615
Energy Management Co.,1,2014,7771.0
"EnergyQuest II, LLC",1,2016,54415.0
Enerplus Resources (USA) Corporation,45,2024,6911123.355555556
Ensign Operating LLC,13,2019,14644896.0
"Epic Permian Operating, LLC",1,2023,60186.0
Equinor Texas Onshore Properties LLC,6,2019,14133197.0
Equinor USA Onshore Properties Inc.,4,2024,22248715.5
"Escondido Resources II, LLC",5,2012,4016802.6
Escondido Resources Oper Co,11,2019,11871313.0
"Estancia Oil & Gas, LLC",2,2012,25016.5
Evergreen Natural Resources LLC,11,2022,53217.818181818184
"ExL Petroleum, LP",7,2017,7592386.714285715
"ExTech Operating, LLC",1,2022,124180.0
Excalibur Reserouces,1,2021,69326.0
Expand Operating LLC,17,2025,29306305.0
Extex Operating Company,4,2013,74609.0
"FDL Operating, LLC",4,2016,3399362.25
"FELIX ENERGY HOLDINGS II, LLC",17,2020,18731856.247058824
FELIX ENERGY LLC,5,2015,13513909.6
FHA Operating,1,2017,18606.0
"FIML Natural Resources, LLC",18,2013,2872121.722222222
"FLAMINGO OPERATING, LLC",2,2015,1635145.5
FORMENTERA OPERATIONS LLC,4,2024,15099750.5
FOUR CORNERS PETROLEUM,3,2019,822665.3333333334
"FX ENERGY OPERATING, LLC",1,2025,13198.0
Fairway Resources Op. LLC,2,2013,2074842.0
"Fairway Resources Operating III, LLC",1,2017,13850550.0
"Far West Development, LLC",1,2019,314654.0
"Fasken Oil and Ranch, Ltd.",72,2013,7228402.826882649
Faulconer Energy,1,2025,177633.0
Felderhoff Production Co,1,2024,14330.0
"Felty Drilling Co., Inc.",1,2025,9494.0
Fidelity Exploration & Production,11,2013,1746236.4545454546
"Fidgets Energy, LLC",1,2014,31500.0
"Finley Resources, Inc.",35,2022,1550514.5685714285
FireBird Energy II LLC,14,2024,21739374.35714286
"FireWheel Operating, LLC",2,2014,5519398.5
Firebird Energy,5,2022,20126240.4
"First Ascent Operating, LLC",1,2021,17679.0
Fivestones Energy LLC,3,2020,924394.6666666666
Flat Creek Resources LLC,1,2022,8856036.0
"Fontainebleau Operating, LLC",1,2022,89865.0
"Foreland Operating, LLC",8,2014,13351003.75
Forest Oil Corporation,15,2013,3414410.6
"Forge Energy, LLC",9,2015,7404241.555555556
"Fortay, Inc.",1,2015,134780.0
Forty Acres Energy LLC,1,2018,30828.0
"Forza Operating, LLC",2,2022,677754.5
"Fossil Petroleum, LLC",2,2019,296815.0
"Foundation Energy Management, LLC",3,2021,31965.333333333332
"Founders Oil & Gas Operating, LLC",6,2020,735771.3333333334
"Four Corners Petroleum II, LLC",9,2018,82767.11111111111
FourPoint Energy,22,2015,7117711.2727272725
"FourPoint Energy, LLC",13,2022,13550330.76923077
FourPoint Resources LLC,3,2025,23523025.333333332
Fox Northeastern Oil & Gas Corporation,1,2016,16296.0
Franklin Mountain Energy,16,2024,21769758.4375
"Freedom Operating Company, LLC",2,2026,803999.0
"Freedom Production, Inc.",3,2017,9825170.333333334
Freeport-McMoRan Oil & Gas,8,2013,4384020.125
Fulcrum Energy Operating LLC,3,2024,16724189.333333334
"Fulcrum Exploration, LLC.",9,2013,10938.666666666666
"Fundare Resources Operating Company, LLC",1,2023,13617466.0
"Fuse Energy, LLC",2,2015,4908283.5
"G&F Oil, Inc.",1,2024,39144.0
"G3 Operating, LLC.",16,2013,5783111.125
"GEP HAYNESVILLE II, LLC",10,2025,43357860.0
"GEP HAYNESVILLE, LLC",13,2017,25727790.292307694
"GHA Barnett, LLC",8,2023,6900316.0
"GLB Exploration, Inc.",14,2017,253557.2857142857
GMT EXPLORATION,2,2023,20263292.0
"GULF EXPLORATION, L.L.C.",4,2019,23544.75
"Gaedeke Oil & Gas Operating, LLC",1,2018,11455767.0
Ganador Operaing LLC,3,2022,895505.6666666666
"Garry Davis Oil, LLC",2,2014,385119.0
"Gary Permian, LLC",1,2019,35527128.0
"Gasco Energy, Inc.",2,2014,2584243.5
Gastar Exploration Inc.,4,2017,14441325.05
GeoSouthern Energy Corporation,3,2012,4487708.666666667
"GeoSouthern Operating II, LLC",5,2018,11843961.2
"GeoSurveys, Inc.",1,2014,18060.0
"Goodrich Petroleum Company, LLC",12,2013,12662197.583333334
Gordy Oil Company,6,2020,17904622.166666668
Grand Mesa Operating Company,1,2020,65562.0
"Grand Operating, Inc.",1,2018,3847158.0
"Grayson Mill Operating, LLC",19,2024,10966423.894736841
Great Bear Pantheon LLC,1,2022,219668.0
Great Bear Petroleum Operating LLC,1,2019,65558.0
"Great Western Oil & Gas Company, LLC",61,2014,7301901.229508197
"Green Century Exploration & Production, LLC",4,2015,49619.0
Greenlake Energy Operating,7,2022,21979448.57142857
Greg Hall Oil and Gas,1,2014,21000.0
Grenadier Energy Partners II,3,2019,21780864.0
Greylock Production LLC,2,2023,8639631.0
Greystone Oil & Gas LLP,2,2015,1713915.0
"Grit Oil and Gas Management, LLC",24,2025,6982588.833336641
Grynberg Petroleum,2,2014,176545.0
Guidon Energy Management Services LLC,10,2020,18328843.8
Gulf Pine Energy,1,2017,79212.0
"GulfTex Energy III, LP",2,2018,6083192.5
"GulfTex Energy, LLC",10,2025,15347453.90002149
Gulfport Energy Corporation,57,2021,16497816.862807017
Gunn Oil Company,3,2013,572354.0
Gunnison Energy LLC,2,2024,15386969.0
"H&L Exploration Company, LLC",1,2023,144060.0
H.L. Brown Operating,1,2022,28519.0
HB2 Eneregy,3,2022,20585964.0
HOG OPERATING LLC,2,2022,8521305.5
"HRC Operating, LLC.",10,2013,5915271.4
"HW Operating, LLC",2,2017,31509.5
HWH DRILLING LLC,3,2025,12484.0
"Hadaway Consulting and Engineering, LLC",18,2013,2541010.222222222
"Halc?n Operating Co., Inc.",1,2017,23617205.0
Halcon Resources Corporation,20,2013,5965451.0
"Hannathon Petroleum II, LLC",1,2025,21217591.0
"Hannathon Petroleum, LLC",15,2013,5282243.2
Harmonia Petroleum Corporation,4,2015,747243.0
"Hawkwood Energy Operating, LLC",19,2019,14357668.157894736
"Headington Energy Partners, LLC",13,2019,5888345.692307692
Heights Energy Corporation,1,2015,22407.0
Helios Operating LLC,1,2019,2690703.0
"Helis Oil & Gas Company, L.L.C.",1,2012,2376584.0
Henry Resources LLC,36,2013,6750620.277777778
Hess Corporation,206,2020,5459097.01818638
Hibernia Resources IV LLC,3,2025,38551942.666666664
"Hibernia Resources, LLC",13,2022,28309145.307692308
HighMount Exploration & Production,9,2012,1108104.6666666667
"HighPeak Energy Holdings, LLC.",40,2022,21402483.225
HighPoint Operating Corporation,13,2019,13587288.948133763
"Hilcorp Alaska, LLC",8,2025,75176.375
Hilcorp Energy Company,80,2022,2596614.83875
"Hinkle Oil & Gas, Inc.",21,2015,5766576.095238095
"Hogback Exploration, Inc",3,2018,50869.333333333336
"Holmes Exploration, LLC",5,2013,1846336.6
Hominy Consulting LLC,1,2025,1274574.0
Hunt Oil Company,69,2015,6661396.072463769
"Huntington Energy, L.L.C.",2,2013,909049.0
Huntley &amp; Huntley Energy Exploration,1,2019,15383466.0
"Husky Ventures, Inc.",5,2014,10498101.6
"ICA Energy Operating, LLC",3,2018,1698190.0
"IKE Operating, LLC",6,2025,41823247.333333336
INEOS USA Oil & Gas LLC,1,2024,31007088.0
"INPEX Eagle Ford, LLC",8,2022,7980897.125
"INR Operating, LLC",5,2022,20867288.4
ImPetro Operating LLC,2,2014,8139443.0
Incline Energy,2,2013,156219.0
"Independence Resources Management, LLC.",6,2020,7113433.666666667
Indigo Minerals,34,2019,16793236.411764707
Infinity Natural Resources,2,2025,21346030.5
Inflection Energy (PA) LLC,4,2021,6020124.0
International Energy Corporation of Northern Oklahoma,3,2015,538967.0
Interstate Explorations LLC,6,2014,176756.33333333334
"Iron Star Energy, LLC",1,2014,3015042.0
"Ironwood Oil and Gas, LLC",2,2013,6275318.5
J CLEO THOMPSON,21,2015,1655279.7157905933
J-W Operating Company,1,2015,9331812.0
"JAMEX, Inc.",3,2014,3423799.3333333335
"JEC Operating, LLC",1,2017,806400.0
JKLM ENERGY,3,2019,11221338.666666666
JMA ENERGY COMPANY,5,2022,3890033.6
"JMH Production, LLC",6,2017,109486.5
Jagged Peak Energy,14,2019,20747665.42857143
Javelin Energy Partners Management LLC,26,2024,21382560.115384616
"Jay-Bee Oil & Gas, Inc.",6,2018,13035372.0
Jerry Hess Operating Company,2,2025,22595.0
"Jetta Operating Company, Inc",20,2022,3588480.05
"Jilpetco, Inc.",2,2012,40894.0
Jimmy Chatham Oil & Gas,1,2014,54093.0
Johnson & Ernst Operating Co.,2,2012,7140.0
Joint Resource Company,2,2018,1937032.5
Jonah Energy LLC,31,2018,1423544.7096774194
Jones Energy llc,32,2013,4421224.8125
"Juno Operating Company II, LLC",19,2013,23413.052631578947
"Juno Operating Company III, LLC",7,2019,50298.857142857145
"K S OIL COMPANY, INC",1,2017,38000.0
K.P. Kauffman Company,3,2014,234977.33333333334
"KA Energy Op Co., LLC",1,2017,13045.0
KGH Operating Company,1,2016,118977.0
"KJ Energy, LLC",2,2018,7795061.5
"KODA Resources Operating, LLC",6,2025,18583717.404
KWR Ventures,1,2015,397320.0
Kaiser-Francis Oil Company,16,2022,15752720.625
Kelly Cook Oil LLC,1,2022,34020.0
"Kenneth W. Cory, Ltd.",1,2025,381612.0
Kentex Worland LLC,1,2023,199401.0
"Killam Oil Co., Ltd.",6,2023,4885606.666666667
"Kimmeridge Texas Gas, LLC",11,2024,20146903.818181816
Kinder Morgan,10,2014,61038.7
King Operating Corporation,4,2023,1704422.0
Kirkpatrick Oil Company,1,2013,3432554.0
"Kirkpatrick Oil Company, Inc",1,2022,2680104.0
Koda Operating,3,2023,38882.666666666664
Kodiak Oil & Gas Corp,29,2013,3340704.275862069
"Kodiak Oil & Gas, Inc.",13,2014,49227.307692307695
Kraken Operating LLC,52,2019,11578890.779390033
"L.E. Jones Operating, Inc.",5,2023,27300.2
LADD OIL & GAS CORPORATION,1,2013,39610.0
LCS Production Company,9,2022,1166543.0
"LINCOLN VENTURES, LLC",1,2025,39631.0
"LOGOS Operating, LLC",5,2023,20825146.880400002
"LP Operating, LLC",2,2013,104685.0
La Vernia Oil,2,2015,16968.0
Lacrosse Exploration LLC,1,2019,75600.0
"Lainco, Inc.",1,2020,212436.0
"Lakeshore Operating, LLC",1,2017,0.0
"Lakota Energy, LTD.",2,2023,5469151.0
Lance Ruffel Oil and Gas,7,2014,586897.7142857143
"Land and Natural Resource Development, Inc",6,2014,57166.833333333336
Laramie Energy LLC,17,2025,3007573.990235294
"Laramie Energy, LLC",27,2018,3613779.704037037
Laredo Energy,4,2022,11031541.5
"Laredo Energy Operating, LLC",5,2015,10044194.4
"Laredo Petroleum, Inc.",96,2014,13069335.0
Lario Oil & Gas Company,6,2019,17241413.666666668
"Latigo Oil & Gas, Inc.",2,2021,31941.0
"Latigo Petroleum, LLC",2,2018,4552296.0
"Lawrence County Gas, LLC",2,2022,816144.0
Layline Petroleum,1,2013,82572.0
LeNorman Operating LLC,35,2017,3444978.5142857144
"Legacy Exploration, LLC I",3,2018,202902.0
"Legacy Oil & Gas ND, Inc.",5,2013,156695.8
Legacy Reserves Operating LP,21,2014,6819934.19047619
"Legend Natural Gas, LLC",2,2012,4378358.0
Lewis Energy Group,91,2015,9572399.251548946
"Lewis Oil Operations, LLC",1,2014,53349.0
Lewis Operating Co.,1,2014,30104.0
Liberty Resources LLC,1,2013,5813934.0
"Liberty Resources Management Company, LLC",9,2023,6258450.444444444
Lighthouse Oil & Gas LP,2,2015,2708958.0
"Lime Rock Resources, LP",26,2022,7229443.461538462
"Limestone Exploration II, LLC",2,2015,3404851.5
"Linn Energy, LLC",62,2012,3128164.8593548387
Little Thunder,1,2018,9492.0
Locin Oil Corporation,1,2022,15534834.0
"Lonestar Resources, Inc.",5,2019,13433167.0
"Longfellow Energy, LP",15,2013,8702846.066666666
"Longs Peak Resources, LLC",1,2022,14413884.0
"Luxe Operating, LLC",5,2019,21183978.6
"M. E. Operating and Services, Inc.",1,2019,289022.0
MACKELLAR INC,2,2018,70352.0
"MB Energy, LLC",1,2023,133206.0
MD America Energy LLC,3,2014,3384379.6666666665
MDC TEXAS ENERGY,2,2017,19783753.5
"MDS Energy, Ltd",1,2013,160878.0
"MECO IV, LLC",2,2016,216776.4
MENDELL FINISTERRE II LLC,1,2015,3076765.0
MEWBOURNE OIL COMPANY,206,2021,15941423.917475728
"MM Energy, Inc.",5,2019,48616.6
MRD OPERATING LLC,10,2016,13213254.42
"MWS Producing, Inc.",4,2018,96800.75
Mach Resources,35,2022,4551906.571428572
Macha Enterprises Inc,2,2013,5460.0
Mack Energy Co.,23,2014,40296.217391304344
Mack Energy Corporation,7,2018,10306802.714285715
Magnolia Oil & Gas LLC,37,2025,13934957.45945946
Magnum Hunter Resources Corp,1,2013,4329321.0
"Magnum Producing, LP",1,2014,114030.0
"Magpie Operating, Inc",1,2021,6883167.0
Mallard Exploration,8,2020,18909190.625
"Mammoth Exploration, LLC",1,2018,66108.0
Manti Tarka Permian,7,2022,24711833.714285713
Marathon Oil,401,2018,8496483.683109725
"Marlin Energy Resources, LLC",2,2014,3197691.0
Matador Production Company,93,2022,15588892.277012354
Matrix Petroleum LLC,1,2018,14639724.0
McCommons Oil Company,1,2013,230133.0
"McElvain Energy, Inc.",3,2012,3152563.3333333335
Memorial Production Oper. :LLC,1,2014,6345209.0
Memorial Resource Development LLC,2,2015,14553651.0
"Mercury Operating, LLC",1,2019,44676.0
Merit Energy Company,9,2013,1887620.0
Merit Energy Company LLC,32,2018,99384.96875
"Mesa Energy Partners, LLC",1,2012,1409826.0
"Mid-Con Energy Operating, LLC",8,2014,28410.0
Mid-States Operating Company,1,2011,1018730.0
"Middle Fork Energy Parterns, LLC",25,2022,8508651.37448
Midstates Petroleum Company,41,2014,3052689.3658536584
Midville Energy,1,2014,25410.0
Millennial Energy Partners,1,2018,13555923.0
"Mineral Resources, Inc",1,2014,4677670.0
Mitsui E&P,2,2023,27019774.0
"Modern Exploration, Inc.",1,2021,25072205.0
"Moriah Operating, LLC",6,2019,10355604.0
MorningStar Operating LLC,1,2025,17493.0
Mountain Divide LLC,2,2013,2657063.0
"Mountaineer Keystone, LLC",2,2015,12213522.0
Mr.,2,2020,18894591.5
"Mueller Exploration, Inc.",3,2024,25346669.666666668
"Muirfield Exploration, Ltd.",2,2023,4291.5
Murchison Oil & Gas Inc,3,2019,6531994.666666667
"Murchison Oil and Gas, LLC",7,2023,24178409.14285714
Murex Petroleum Corp.,5,2014,2984296.8
"Murfin Drilling Company, Inc.",3,2025,6749803.666666667
Murphy Exploration and Production USA,99,2025,10431061.471432332
Musgrove Energy Inc.,1,2014,15876.0
Mustang Fuel Corporation,2,2014,396367.5
Mustang Holding LLC,1,2025,58777.0
NBL Permian LLC,2,2017,28095742.5
NGO Development Corporation,1,2012,283286.0
NWE,2,2025,75222.0
Nadel and Gussman,2,2025,10608954.5
"Nadel and Gussman Permian, LLC",1,2012,676578.0
"Navidad Operating Company, LLC",1,2019,354622.0
Navidad Resources LLC,3,2012,1696968.0
"New Century Exploration, Inc.",1,2020,46309.0
"New Century Operating, LLC",1,2015,17289300.0
New Dominion LLC,2,2015,1327263.0
"Newark E&P Operating, LLC",15,2015,1348612.9333333333
Newfield Exploration,184,2019,7235886.541000544
"Newkumet Exploration, Inc.",1,2020,16527.0
Nickel Road Operating LLC,2,2019,14922515.0
"Nine Point Energy, LLC",7,2018,6253891.0942857135
"Noble Energy, Inc.",196,2012,11484481.056122448
"North Plains Energy, LLC",1,2013,3195822.0
"North Silo Resources, LLC",2,2020,13310650.0
NorthStar Operating Company,3,2014,138923.0
Northeast Natural Energy LLC,15,2018,19567588.666666668
"Northfield Enterprises, Inc.",1,2018,21000000.0
"Novo Oil & Gas Texas, LLC",9,2021,15304250.777777778
"O'Benco, Inc.",2,2014,327334.0
"OAK Valley Operating, LLC",5,2015,8244465.6
OSBORN HEIRS COMPANY,2,2012,901235.5
"Oak Prairie Operations, LLC",1,2021,341834.0
"Oakridge Oil and Gas, LP",2,2021,22442.5
Oasis Petroleum,98,2014,8233469.474897958
Occidental Oil and Gas,533,2013,9714772.255051533
"Oil Search Alaska, LLC",2,2019,183861.0
Okland Oil Company,1,2014,508399.0
Olympus Energy,5,2025,22914550.0
Omimex Petroleum Inc.,1,2014,22092.0
"Omni Oil & Gas, Inc.",48,2013,16000.0
Opal Resources Operating Company,3,2012,1193990.0
Opus Operating II LLC,1,2015,1913949.0
Osage Exploration and Development,1,2014,4613188.0
Ovintiv Mid-Continent Inc.,20,2022,7874018.3
"Ovintiv Production, Inc.",4,2020,14022162.0
Ovintiv USA Inc.,88,2022,19462562.720227275
"OxyRock Operating, LLC",18,2025,17469664.333333332
"P.O.&G. Operating, LLC",1,2015,37679.0
PAK Energy LLC,1,2018,13650.0
"PBEX Operations, LLC",3,2025,24692433.0
PCORE Exploration & Production LLC,2,2015,14180355.0
PDC Energy,187,2013,7232122.0710160425
PETEX,1,2013,33894.0
"PGP Operating, LLC",1,2023,28182.0
"PHOENIX OIL & GAS, INC.",1,2017,10080.0
PINEDALE ENERGY PARTNERS OPERATING LLC,3,2018,1122581.3333333333
POCO Operating,1,2021,15030407.0
PPC Operating Company LLC,9,2015,88818.11111111111
"PRI Operating, LLC",19,2022,21812774.57894737
"PT Petroleum, LLC.",1,2017,26341266.0
"Pablo Energy II, LLC",4,2015,3839894.0
"Pacesetter Energy, LLC",2,2017,5128811.0
Paladin Petroleum III LLC,1,2022,23493117.0
Palm Oil & Gas Company,2,2016,13902.0
"Paloma Natural Gas, LLC",8,2022,30936932.125
"Paloma Operating Co, Inc",12,2019,15579180.666666666
"Paloma Permian AssetCo, LLC",2,2025,24299499.0
Pantera Energy Company,8,2015,305665.5
"Panther Energy Co. II, LLC",2,2015,4300747.0
Parallel Petroleum LLC,8,2013,202776.625
"Parsley Energy Operations, LLC",103,2018,11890728.572815534
"Parten Operating, Inc.",1,2012,94207.0
"Patriot Resources, Inc.",10,2013,3755233.7
Paul Gillham Oil Company,1,2014,432600.0
"PayRock Energy, LLC",5,2015,10161483.4
"PayRock II, LLC",1,2018,17277704.0
Payne Exploration Company,4,2014,5084287.75
"Pedestal Oil Company, Inc.",1,2014,9866.0
Penn Virginia Corporation,51,2023,15619460.37254902
"PennEnergy Resources, LLC",33,2017,13313126.324242424
"Pennington Oil & Gas Interests, LLC",1,2020,646968.0
Pennsylvania General Energy,19,2010,7695604.263157895
"Percussion Petroleum II, LLC",7,2022,21900840.0
Percussion Petroleum LLC,2,2018,19812704.0
"Peregrine Petroleum Partners, LTD",7,2017,4347912.285714285
Periscope Operating LLC,1,2017,250603.0
"Permian Deep Rock Oil Co., LLC",13,2019,18017485.692307692
Permian Resources,6,2017,9433483.26325
"Permian Resources Operating, LLC",68,2024,21636031.04411765
"Peterson Energy Operating, Inc.",3,2014,146405.0
Petro Harvester Operating Company LLC,5,2019,899732.8
"Petro Hunt, L.L.C.",44,2017,9172101.872754768
"Petro Operating Company, LLC",2,2024,14919112.0
"PetroEdge Energy IV, LLC",1,2020,17409084.0
"PetroLegacy Energy II, LLC",12,2022,21370597.333333332
"PetroPoint Energy Operating, LLC.",1,2013,97188.0
PetroQuest Energy LLC,19,2014,6347874.052631579
"PetroShale (US), Inc.",7,2022,7163536.023999999
PetroShare Corp,1,2018,7387790.0
"Petrobal Omega 1, LLC",10,2019,105920.1
"Petroglyph Operating Company, Inc.",12,2014,177895.58333333334
"Petron Energy II, Inc.",1,2020,12000.0
Petroplex Energy Inc.,6,2025,9802991.0
Phoenix Operating LLC,8,2024,12053805.875
"Phoenix PetroCorp, Inc.",5,2013,88715.8
"Piceance Energy, LLC",13,2014,4000375.0
"Piedra Operating, LLC",9,2014,15490900.0200339
"Pillar EFS, LLC",4,2025,17734331.75
Pine Wave Energy Partners,3,2024,22550521.666666668
Pinon Operating LLC,1,2021,18905502.0
Pioneer Natural Resources,609,2019,15369101.252648035
Plains Exploration & Production Company,8,2013,3815316.75
"Plymouth Exploration, LLC",4,2013,2785072.5
"Point Energy Partners Operating, LLC",6,2023,27781082.0
"Polaris Operating, LLC",1,2021,134524.0
Pollok Energy,1,2017,462794.0
Prairie Gas Company of Oklahoma,1,2022,705264.0
"Premier Natural Resources II, LLC",2,2014,506730.0
Premier Oil & Gas Incorporated,1,2021,356607.0
"Price Operating, LLC",4,2012,18900.0
Pride Energy Company,8,2013,5300867.25
Primary Natural Resources III,2,2013,2609062.0
Prime Operating Company,4,2014,684539.0
Primexx Operating,5,2019,21109198.0
Primexx Operating Corporation,5,2018,12312496.6
Prospect,1,2017,88553.0
Protege Energy III LLC,4,2020,12598717.25
"PureWest Resources, Inc",6,2024,13715839.773999998
"Pursuit Oil & Gas STX, LLC",3,2020,22289848.000137165
"Pursuit Oil & Gas, LLC",1,2017,23009868.0
"Q P, Inc.",1,2014,4088.0
QB Energy Operating LLC,9,2024,11049500.155555556
QEP Energy Company,129,2013,4540434.6124031
"Quail Ridge Operating, LLC",1,2025,10388696.0
"Quanah Panhandle, LLC",2,2018,7814947.0
"Quantum Resources Management, LLC",6,2014,158215.66666666666
Quicksilver Resources Inc.,5,2014,4058614.56
"R. Baker Oil, LLC",1,2016,30020.0
"R. Lacy Services, LTD",5,2021,20225382.8
R2Q Operating LLC,4,2020,75053.75
RANKEN ENERGY CORPORATION,1,2014,526680.0
"REOC, LLC",3,2016,3163431.0
"RFE Operating, LLC",2,2023,11608779.0
RK Petroleum Corp.,4,2013,1561189.75
"RKI Energy Resources, LLC",1,2018,26403.0
RKI Exploration & Production,26,2013,5791269.230769231
RKR Exploration Inc,3,2023,18174.0
"RLU Operating, LLC",1,2019,15792.0
"ROX Exploration, Inc.",1,2023,18296.0
"RP Operating, LLC",8,2023,36467167.375
"RSP Permian, LLC",32,2018,7649367.462583185
Rainbow Seven Oil and Gas,1,2017,49575.0
"Ram Fayette, LLC",1,2019,14671843.0
Ramtex Energy LLC,1,2018,9728082.0
"Range Louisiana Operating, LLC",9,2017,7484513.666666667
Range Resources Corporation,139,2014,8723566.690370316
Ranger  O&G,1,2014,2175600.0
"Raw Oil & Gas, Inc.",1,2012,18943.0
"Ray Richey Managment Company, Inc.",1,2012,8610.0
Recoil Resources Operating Inc.,5,2020,9011298.2
Red Bluff Resources,4,2019,13656768.25
"Red Fork (USA) Investments, Inc.",7,2013,3868711.1428571427
Red Rocks Oil & Gas Operating LLC,10,2019,538325.0
Red Tail Exploration,1,2024,13189806.0
"Red Willow Production, LLC",2,2013,6756976.0
Red Wolf Operating,1,2019,21267662.0
"Redemption Oil & Gas, LLC",1,2021,10287183.0
"Redland Resources, Inc.",1,2014,478044.0
Redwood Operating LLC,2,2021,9759783.5
"Reid Williams Operating, Inc.",1,2016,35602.0
Reign Operating LLC,1,2025,6635412.0
Relentless Permian Operating LLC,1,2019,145768.0
"Reliance Energy, Inc",20,2013,3867342.45
"Renegade Oil & Gas Company, LLC",2,2013,21754.0
Renos Land and Minerals Company,3,2019,10630868.666666666
"Replay Energy Assets, LLC",1,2023,1178856.0
"Repsol O&G, LLC.",28,2024,12211000.528571429
Resolute Natural Resources,16,2013,8720314.0
"Resource Oil and Gas, LLC",2,2022,1841368.0
Reverence Operating LLC,1,2022,51269.0
Revolution Resources,4,2021,4611669.0
Rex Energy,16,2016,9114974.6
"Reynolds E & P, Inc",1,2015,50232.0
"Rice Drilling B, LLC",11,2016,17855560.636363637
Ridgemar Energy LLC,5,2024,16920609.2
Rife Energy Operating,2,2016,116592.0
"Riley Exploration, LLC",1,2013,1631574.0
"Riley Permian Operating Company, LLC",7,2023,8498303.57142857
"RimRock Oil and Gas Willison, LLC",7,2019,8117179.571428572
"Ring Energy, Inc.",65,2018,1175998.076923077
"Rio Grande E&P II, LLC",1,2022,15167461.0
"Rio Oil and Gas, LLC",7,2023,13875527.134285714
"Rising Star Energy Partners, L.L.C.",1,2023,16149714.0
"Riverside Midstream Water Resources, LLC",1,2020,345346.0
"Riviera Operating, LLC",1,2019,11708886.0
Roan Resources LLC,12,2019,16866417.166666668
"Roberson Oil Company, Inc.",2,2019,3384780.0
"Robert L. Bayless, Producer LLC",1,2024,2209494.0
Rock Oil Company,1,2016,11714892.0
Rockcliff Energy Operating,33,2022,35215988.818206
Rockcliff Energy Operating III LLC,1,2025,31902276.0
"Rockdale Marcellus, LLC",2,2018,58519973.975
Rockies Resources Holdings LLC,6,2023,11094145.833333334
Rockport Energy Solutions LLC,2,2025,25634616.0
"Rocky Creek Resources, LLC",2,2018,25433781.0
Rocky Top Energy,3,2014,10673.333333333334
Rose City Resources,10,2022,3886409.2
"Rosehill Operating Company, LLC",12,2017,12703170.916666666
Rosetta Resources,49,2014,9428799.591836736
Rosewood Resources,30,2025,17748321.333333332
Rover Operating,2,2025,34000.0
"Rover Petroleum Operating, LLC",14,2019,63276.78571428572
"Royalty Land & Dev. Co., Inc.",2,2013,1434825.0
"Ruckus Energy Operating, LLC",1,2020,387618.0
"S. B. STREET OPERATING, INC.",5,2014,15589.8
"SCO Permian, LLC",1,2023,125058.0
"SDX Resources, Inc.",1,2014,363132.0
"SEG Williston, LLC",3,2023,13560728.467
"SEM Operating Company, LLC",27,2017,16893788.14814815
SG Interests I Ltd.,2,2015,2756669.466
SGP Operating LLC,1,2018,47124.0
"SHD Oil & Gas, LLC",2,2014,1228098.0
"SHERIDAN PRODUCTION CO III, LLC",9,2022,17427.666666666668
SIMCOE LLC,1,2022,0.0
SK E&P Operations America,4,2018,5836542.25
"SK Plymouth, LLC",2,2015,2293662.0
SM Energy,200,2012,15983588.8502
"SN EF Maverick, LLC",36,2017,11306762.305555556
"SN Operating, LLC",19,2018,8142590.842105263
"SOGC, Inc.",2,2023,8619856.5
SRC ENERGY,9,2019,7629155.333333333
STRATA PRODUCTION COMPANY,2,2025,2360862.0
"SV Energy Company, LLC",2,2013,89103.0
SWJN Oil Company,1,2018,119721.0
"Sabalo Exploration Operating,LLC",1,2014,8129856.0
"Sabalo Operating, LLC",8,2019,18924324.625
Sabinal Energy,15,2018,479445.4
Sabine Oil & Gas Corporation,37,2025,27229911.876756757
Sabine Oil & Gas LLC,14,2014,7293900.0
Sable Permian Resources,16,2019,18506870.775
Saddleback Exploration,1,2022,7278348.0
Saga Petroleum LLC,10,2015,163971.8
Sage Natural Resources,7,2023,17921991.85714286
Samson,35,2012,2156459.9714285713
"Samson Exploration, LLC",14,2019,9586945.714285715
Sanchez Oil & Gas Corporation,27,2014,5247737.962962963
SandRidge Energy,199,2013,1833911.0476271356
"Sandpoint Operating, LLC",2,2021,8425524.0
Sanguine Gas Exploration,8,2013,4205764.375
Scala Energy Operating LLC,1,2017,4245368.0
Scout Energy Partners,59,2022,428502.6440677966
Seaboard Operating Co.,6,2023,19084.5
"Sellers Lease Service, Inc",1,2019,22274.0
Seneca Resources Corporation,57,2012,11674561.408771928
"Sequel Energy, LLC",1,2013,2533440.0
ShadowPeak Operating LLC,1,2022,38726.0
Shell Oil Company affiliate,126,2013,5688418.396825396
"Shenandoah Resources, LLC",1,2018,1355607.0
"Sheridan Production Company, LLC",44,2015,142453.88636363635
Siena Natural Resources,1,2019,30828.0
"Sierra Resources, LLC",3,2019,15676520.666666666
"Silver Creek Oil & Gas, LLC",9,2015,5278467.0
"Silver Creek Permian OP CO, LLC",1,2019,616590.0
"Silver Hill Energy Partners, LLC",3,2016,3274323.6666666665
"Silver Hill Operating, LLC",12,2024,24637808.25
Silver Tusk Operating Co. LLC,1,2016,28159.0
SilverBow Resources,24,2022,14874506.0
"Silverback Operating, LLC",3,2022,8389534.666666666
Sinclair Oil & Gas Company,6,2022,6707584.666666667
Slant Operating,9,2022,272819.8888888889
"Slawson Exploration Company, Inc.",49,2014,6066680.65355102
Smith Production,1,2019,114242.0
Snyder Brothers Inc.,21,2015,16657491.80952381
"Solaris Water Midstream, LLC",1,2019,129494.0
Sooner Oil and Gas Mgt Inc,1,2012,557424.0
Southwest Operating,1,2025,164459.0
"Southwest Resources, Inc.",1,2017,16089.0
"Southwest Royalties, Inc.",6,2013,25845.5
Southwestern Energy,268,2013,9812878.669418652
Special Energy Corporation,1,2018,60458.0
Spess Oil Company,4,2014,65600.0
Sponte Operating,2,2024,40621749.0
Spring Operating Company,4,2014,59354.75
Spur Energy Partners,12,2023,11384975.5
"Staghorn Petroleum II, LLC",4,2018,9035733.0
"Star Point Enterprises, Inc.",1,2018,202020.0
"Stasney Well Service, LLC",6,2020,6500.0
Statoil Oil & Gas LP,51,2018,5883849.794117647
Statoil Texas Onshore Properties LLC,18,2017,7757068.944444444
Statoil USA Onshore Properties Inc.,5,2018,16853588.6
Steller Energy & Investment Corp,3,2013,674072.0
Stephens & Johnson Operating Co.,6,2014,87392.16666666667
Stephens Production Company,3,2014,6547632.666666667
"Steward Energy II, LLC",16,2020,3949434.375
Stone Energy Corporation,10,2012,6221643.4
"Stone Oak Operating, LLC",1,2019,46158.0
Stonegate Production,13,2014,5392463.615384615
"Story Oil & Gas, Inc.",1,2013,3000807.0
Stout Energy Inc.,5,2019,71289.4
"Strand Energy, L.C.",1,2025,10273945.0
Strat Land Exploration Co,6,2013,1723691.5
Stronghold Energy II Operating LLC,15,2021,631135.0666666667
"Stroud Petroleum, Inc.",1,2021,56330.0
Summit Discovery Res II LLC,1,2019,8226834.0
Summit Energy Management,6,2019,3263028.1666666665
Summit Oil & Gas,2,2022,10305224.0
Summit Petroleum LLC,42,2014,11888889.452380951
SunRay Operating Co. Inc.,1,2014,2423.0
Sundance Energy,17,2013,6302681.235294118
Sundown Energy L.P.,7,2013,584839.0
Sunshine Valley Petroleum Corp,1,2025,1476506.0
Superior Production LLC,1,2023,227682.0
"Surge Operating, LLC",63,2021,13995204.07936508
"Swift Energy Operating, LLC",17,2014,5743462.117647059
Synergy Resources Corporation,39,2012,5180069.461538462
"TACOR Resources, Inc.",3,2012,108694.33333333333
TALL CITY OPERATIONS LLC,3,2014,10659810.0
"TAQA North USA, Inc.",2,2012,367334.0
"TEP Barnett USA, LLC",20,2026,9756932.9
TEP Rocky Mountain LLC,67,2022,4948875.673940373
TG Natural Resources LLC,13,2022,30050653.230769232
THE DEHART COMPANY,2,2019,50136.0
"THE EDMAR COMPANY, LLC",1,2014,317772.0
TRP Operating LLC,6,2023,21160391.0
TXON Partners LLC,1,2013,4241.0
"TXP, Inc.",2,2017,38501.5
Tacitus LLC,1,2022,119181.72
Talisman Energy USA Inc.,35,2013,4857458.342857143
Tall City Operations III LLC,6,2022,15389150.0
"Tamarack Petroleum Company, Inc.",4,2013,701452.5
"Tanos Exploration II, LLC",23,2017,6073408.0869565215
Tap Rock Resources,43,2020,18495631.558139537
Tapstone Energy,15,2014,7460756.866666666
"Tarka Energy, LLC",2,2015,865117.5
Tascosa Energy Partners LLC.,2,2021,7709411.5
Teal Natural Resources,2,2019,13328037.0
"Tecolote Energy Operating, LLC",2,2018,19350692.0
Tecpetrol Operating LLC,1,2013,90708.0
Tekton Energy,1,2012,474936.0
Tellurian Operating LLC,1,2022,15209208.0
Tema Oil and Gas Company,4,2014,2578521.0
Templar Operating LLC,1,2020,89220.0
Terrace Energy,2,2018,69138.0
Territory Resources,2,2025,123459.0
"Texakoma E&P, LLC",1,2022,230001.0
Texas American Resources Company,14,2017,10333568.714285715
"Texas Energy Holdings, Inc.",8,2013,230334.25
Texas Secondary Oilfield Services,3,2014,5530.0
Texegy Operating Company LLC,3,2018,88544.66666666667
"Texland Petroleum, LP",11,2017,54614.818181818184
"The Cumming Company, Inc.",1,2014,147521.0
"The Quintin Little Company, Inc.",3,2023,73962.66666666667
Three Rivers Operating Co II LLC,14,2014,1483161.7142857143
Three Rivers Operating Co III LLC,1,2017,13666170.0
"Three Span Oil & Gas, Inc.",3,2021,7956426.666666667
Throne Petroleum,1,2018,17212524.0
"Thunder Oil & Gas, LLC",1,2019,211384.0
"Tidal Petroleum, Inc.",2,2013,4462962.0
"Tilford Pinson Exploration, LLC",2,2017,33390.0
Timber Creek Operating,1,2017,120836.0
"Titan Exploration, LLC",1,2019,20930970.0
"Titus Oil & Gas Production, LLC",11,2019,15836699.454545455
Toklan Oil and Gas Corporation,1,2020,28140.0
"Tracker Resource Dev III, LLC",2,2018,26185239.0
Trail Ridge Energy Partners II LLC,2,2015,9694195.5
Trans Pacific Oil Corp.,1,2017,13457.0
"Travis Peak Resources, LLC",10,2020,15598802.4
"TreadStone Energy Partners Operating, LLC",5,2019,14165321.8
"Treadstone Energy Partners, LLC",3,2012,1656784.0
"Trek Resources, Inc.",1,2014,326088.0
Trendwell Energy Corp,1,2016,1194795.0
"Tri-C Resources, LLC",1,2016,15109.0
"Triad Energy, Inc.",1,2013,362124.0
Triad Hunter LLC.,6,2018,9714673.833333334
Triangle USA Petroleum Corporation,13,2014,3574570.5384615385
"Tribune Resources, LLC",3,2022,17703014.0
"Trilogy Operating, Inc.",1,2024,112644.0
Trinity Gas Storage,1,2024,368676.0
"Trinity Operating (USG), LLC",74,2017,22016916.224864867
"Trinity River Energy Operating, LLC",1,2015,11886.0
Triple Crown Resources,21,2024,20923772.38095238
Triumph Energy Partners LLC,2,2018,12785340.0
"Triumph Exploration, Inc.",2,2016,885258.5
Troubadour Operating,2,2024,13001064.0
True Oil Company LLC,4,2015,1570621.75
True Oil LLC,4,2013,4378711.75
"Truevine Operating, LLC",1,2013,3225222.0
"Tug Hill Operating, LLC",12,2019,18700825.166666668
"Twisted Oak Operating, LLC",3,2018,29690.0
U.S. Energy Development Corp,2,2025,11964648.620000001
U.S. Energy Development Corp.,8,2017,5845801.875
"Uinta Wax Operating, LLC",21,2024,16940232.477809522
Ultra Resources,94,2013,1696208.5332765956
Unit Petroleum,38,2014,3591506.1578947366
Unitex Oil Company,13,2014,32632.076923076922
UpCurve Energy LLC,8,2022,23829903.872
Upland Exploration LLC,1,2023,40000000.0
Upland Operating LLC,3,2024,34952655.0
Urban Oil and Gas Group,6,2015,7418.333333333333
Ursa Operating Company LLC,27,2014,5783967.842922222
Utah Gas Corporation,1,2022,75852.0
V-F Petroleum Inc.,2,2021,333254.0
VALIDUS NRG AQUILAS ASSETCO LLC,2,2022,12948831.0
VENADO OPERATING COMPANY LLC,5,2018,17058411.6
"VTX Energy Operating, LLC",5,2023,32473547.8
Valence Operating Company,16,2025,9241973.3125
Validus Energy II Midcon,2,2025,22847689.5
Valley Petrol Consulting Inc,1,2023,4482.0
"Valpoint Operating, LLC",2,2024,6720090.5
Van Operating,1,2014,131716.0
"Vanguard Natural Resources, LLC",1,2013,5600503.0
"Vanguard Operating, LLC",1,2018,7560000.0
Vanguard Permian LLC,1,2014,30120.0
Vantage Energy Appalachia II LLC,4,2014,9827112.5
Vantage Energy Appalachia LLC,1,2015,7242942.0
Vantage Fort Worth Energy LLC,13,2015,7117660.0
Venado Oil & Gas LLC,4,2014,5578734.0
"Vencer Energy, LLC",8,2023,23341983.0
Venture Oil & Gas,4,2022,127251.25
"Verado Energy, Inc.",2,2018,4533010.0
Verdad Oil and Gas Corporation,15,2018,17588409.6
Verdad Resources LLC,10,2024,18503095.9
Verdun Oil Company,33,2022,16224628.878787879
"Veritas Energy, LLC",5,2013,688633.3200000001
Vermilion Energy USA LLC,4,2018,2238359.0
Vess Oil Corp,1,2023,18627336.0
"Viejo Energy I, LLC",1,2012,90000.0
Vine Energy Operating LP,1,2021,39342307.0
Vine Oil & Gas LP,23,2016,17883781.608695652
"VirTex Operating Company, Inc.",5,2019,4749060.4
Vital Energy,15,2024,25520068.266666666
"Vitruvian Exploration II, LLC",4,2013,11621536.0
"Vitruvian Exploration IV, LLC",2,2018,18223795.5
"W&T Offshore, Inc.",13,2014,1175861.3846153845
W.T. Waggoner Estate,6,2015,13247.333333333334
WBH Energy Partners LLC,3,2014,5195022.0
"WEM Operating, LLC",2,2025,21255879.0
WFD Oil Corporation,1,2015,6678.0
"WFW Production Company, Inc.",1,2023,19134.0
"WG Operating, Inc.",1,2013,21076.0
WILLIAMS OIL COMPANY,3,2017,171954.0
WPX Energy,223,2018,7060787.991494619
"Wagon Wheel ArkLaTex, LLC",1,2017,906968.0
"Walsh & Watts, Inc.",3,2013,22792.0
"Walsh Petroleum, Inc.",5,2019,1826777.4
Walter Black Warrior Basin LLC,2,2013,40000.0
Walter Exploration Company,3,2014,20468.0
Walter Oil & Gas Corporation,2,2022,13508817.0
"Wapiti Operating, LLC",4,2025,169450.25
Ward Petroleum,3,2016,9837650.666666666
Warren American Oil Company,4,2018,50431.5
"Warrior Met Coal Gas, LLC",2,2023,31017.0
Warwick Investment Group,8,2025,16457781.375
"Wave Petroleum Operating, LLC",2,2014,2883976.0
Weaver Energy Corporation,2,2025,42743.0
"Weinkauf Petroleum, Inc.",1,2014,56897.0
Weins Oil & Gas LLC,2,2014,2163.0
"Wesco Operating, Inc.",2,2016,1750.0
"Western Chief Operating, LLC",3,2019,417439.6666666667
Wexpro Company,30,2024,731601.0666666667
White Knight Production LLC,1,2018,57078.0
"White Rock Oil & Gas, LLC",13,2022,1495878.923076923
"White Star Petroleum, LLC",11,2017,3719695.5454545454
Whiting Petroleum,214,2023,5426270.430424799
WildFire Energy Operating LLC,9,2023,20966836.57812222
WildHorse Resources LLC,34,2018,16128804.911764706
Wildhorse Operating Company,1,2016,8607.0
"Willowbend Investments, Inc.",7,2025,18220.285714285714
Wishbone Texas Operating Co.,3,2017,2046357.3333333333
Woodbine Acquisition LLC,1,2013,2098278.0
"Worsham-Steed Gas Storage, LLC",3,2015,73608.0
XCL Resources,14,2021,19616330.258571427
XTO Energy/ExxonMobil,737,2016,12357778.00230665
"Yale Oil Association, Inc.",1,2015,166286.0
Younger Energy Company,1,2021,22757.0
"Yucca Energy, Inc.",1,2014,35700.0
Zarvona Energy,4,2021,14210438.235
"Zavanna, LLC",15,2019,8917291.466666667
Zeal Production Company,1,2024,19078.0
"Zenergy, Inc.",7,2013,4771335.0
bracken operating llc,1,2024,134309.0
"chisholm Oil and Gas Operating, LLC",20,2018,11740361.85
donray petroleum llc.,4,2014,38787.0
king energy llc,1,2014,0.0
winfield Operating company,1,2022,16510.0
